{
    "dataset_info": {
        "root_path": "\\\\?\\D:\\Desktop\\thesis\\Modelproject\\MainFocal\\focalSST-master\\data\\sonar\\points",
        "total_files_scanned": 12220
    },
    "analysis_results": {
        "global_valid": {
            "name": "Global (Excluded Noise)",
            "count": 23429283,
            "basic_stats": {
                "min": 200080992.0,
                "max": 195325001728.0,
                "mean": 1957384320.0,
                "std": 3710055680.0,
                "median": 1007569984.0
            },
            "percentiles": {
                "p1": 418128992.0,
                "p5": 488343008.0,
                "p25": 691211008.0,
                "p50": 1007569984.0,
                "p75": 1707709952.0,
                "p95": 6442010112.0,
                "p99": 16712099840.0,
                "p99.9": 46380298240.0
            },
            "log_stats_suggestion": {
                "log_mean": 9.085891723632812,
                "log_std": 0.3470480442047119
            },
            "distribution_sketch": {
                "bins": [
                    200080992.0,
                    19712573440.0,
                    39225065472.0,
                    58737557504.0,
                    78250049536.0,
                    97762541568.0,
                    117275033600.0,
                    136787525632.0,
                    156300017664.0,
                    175812509696.0,
                    195325001728.0
                ],
                "counts": [
                    23256843,
                    134920,
                    26256,
                    7055,
                    2494,
                    1159,
                    349,
                    124,
                    48,
                    35
                ]
            }
        },
        "global_all": {
            "name": "Global (All Points)",
            "count": 471109169,
            "basic_stats": {
                "min": 200000992.0,
                "max": 195325001728.0,
                "mean": 1057397120.0,
                "std": 1108760320.0,
                "median": 771848000.0
            },
            "percentiles": {
                "p1": 421088000.0,
                "p5": 487416992.0,
                "p25": 596104000.0,
                "p50": 771848000.0,
                "p75": 1210969984.0,
                "p95": 2318769920.0,
                "p99": 4588870144.0,
                "p99.9": 11767900160.0
            },
            "log_stats_suggestion": {
                "log_mean": 8.947281837463379,
                "log_std": 0.22702844440937042
            },
            "distribution_sketch": {
                "bins": [
                    200000992.0,
                    19712501760.0,
                    39224999936.0,
                    58737500160.0,
                    78250000384.0,
                    97762500608.0,
                    117275000832.0,
                    136787501056.0,
                    156300001280.0,
                    175812493312.0,
                    195325001728.0
                ],
                "counts": [
                    470933241,
                    138016,
                    26581,
                    7122,
                    2494,
                    1159,
                    349,
                    124,
                    48,
                    35
                ]
            }
        },
        "per_class": {
            "1": {
                "name": "木框",
                "count": 18774551,
                "basic_stats": {
                    "min": 200080992.0,
                    "max": 195325001728.0,
                    "mean": 1565941632.0,
                    "std": 3176126208.0,
                    "median": 939990016.0
                },
                "percentiles": {
                    "p1": 418513984.0,
                    "p5": 487540000.0,
                    "p25": 671814976.0,
                    "p50": 939990016.0,
                    "p75": 1433520000.0,
                    "p95": 3978579968.0,
                    "p99": 12504299520.0,
                    "p99.9": 44522068992.00775
                },
                "log_stats_suggestion": {
                    "log_mean": 9.03141975402832,
                    "log_std": 0.2960053086280823
                },
                "distribution_sketch": {
                    "bins": [
                        200080992.0,
                        19712573440.0,
                        39225065472.0,
                        58737557504.0,
                        78250049536.0,
                        97762541568.0,
                        117275033600.0,
                        136787525632.0,
                        156300017664.0,
                        175812509696.0,
                        195325001728.0
                    ],
                    "counts": [
                        18677980,
                        70299,
                        18210,
                        4931,
                        1811,
                        883,
                        264,
                        99,
                        39,
                        35
                    ]
                }
            },
            "2": {
                "name": "蛙人",
                "count": 4654732,
                "basic_stats": {
                    "min": 400001984.0,
                    "max": 160573997056.0,
                    "mean": 3536231680.0,
                    "std": 5048128512.0,
                    "median": 1810919936.0
                },
                "percentiles": {
                    "p1": 416793984.0,
                    "p5": 492510016.0,
                    "p25": 872025024.0,
                    "p50": 1810919936.0,
                    "p75": 4241730048.0,
                    "p95": 11852245094.400019,
                    "p99": 23866699776.0,
                    "p99.9": 52254998528.0
                },
                "log_stats_suggestion": {
                    "log_mean": 9.305623054504395,
                    "log_std": 0.4388475716114044
                },
                "distribution_sketch": {
                    "bins": [
                        400001984.0,
                        16417401856.0,
                        32434800640.0,
                        48452202496.0,
                        64469602304.0,
                        80486998016.0,
                        96504397824.0,
                        112521797632.0,
                        128539197440.0,
                        144556589056.0,
                        160573997056.0
                    ],
                    "counts": [
                        4538736,
                        96364,
                        13809,
                        3465,
                        1383,
                        547,
                        262,
                        108,
                        45,
                        13
                    ]
                }
            }
        }
    },
    "normalization_suggestions": [
        "数据整体范围为 [200080992.00, 195325001728.00]。",
        "检测到极值 outlier。最大值 (195325001728) 远大于 99.9% 分位点 (46380298240)。",
        "【建议策略 1】: 在归一化前，先将 Intensity 截断(Clip)到 46380298240.0 或 16712099840.0，以消除离群点影响。",
        "检测到 Intensity 数值量级巨大 (>10000)。",
        "【建议策略 2】: 采用最大值归一化。公式: input = min(intensity, 46380298240.0) / 46380298240.0。",
        "【注意】: 请查看 'per_class' 统计。如果 '蛙人' 和 '木框' 的 Intensity 均值差异巨大，Intensity 将是极佳的分类特征。"
    ]
}