{
    "dataset_info": {
        "root_path": "\\\\?\\D:\\Desktop\\thesis\\Modelproject\\MainFocal\\focalSST-master\\data\\sonar\\points",
        "total_files_scanned": 12232
    },
    "analysis_results": {
        "global_valid": {
            "name": "Global (Excluded Noise)",
            "count": 23396676,
            "basic_stats": {
                "min": 200080992.0,
                "max": 195325001728.0,
                "mean": 1957090816.0,
                "std": 3709323008.0,
                "median": 1006710016.0
            },
            "percentiles": {
                "p1": 417967008.0,
                "p5": 488022016.0,
                "p25": 690785744.0,
                "p50": 1006710016.0,
                "p75": 1705880064.0,
                "p95": 6445920256.0,
                "p99": 16749700096.0,
                "p99.9": 46261755187.20416
            },
            "log_stats_suggestion": {
                "log_mean": 9.085636138916016,
                "log_std": 0.34717291593551636
            },
            "distribution_sketch": {
                "bins": [
                    200080992.0,
                    19712573440.0,
                    39225065472.0,
                    58737557504.0,
                    78250049536.0,
                    97762541568.0,
                    117275033600.0,
                    136787525632.0,
                    156300017664.0,
                    175812509696.0,
                    195325001728.0
                ],
                "counts": [
                    23224041,
                    135336,
                    26164,
                    7024,
                    2402,
                    1141,
                    358,
                    116,
                    52,
                    42
                ]
            }
        },
        "global_all": {
            "name": "Global (All Points)",
            "count": 471527641,
            "basic_stats": {
                "min": 200000992.0,
                "max": 195325001728.0,
                "mean": 1057204608.0,
                "std": 1107709568.0,
                "median": 771753024.0
            },
            "percentiles": {
                "p1": 420713984.0,
                "p5": 487108992.0,
                "p25": 596028032.0,
                "p50": 771753024.0,
                "p75": 1210940032.0,
                "p95": 2318660096.0,
                "p99": 4584840192.0,
                "p99.9": 11770900480.0
            },
            "log_stats_suggestion": {
                "log_mean": 8.94722843170166,
                "log_std": 0.22709886729717255
            },
            "distribution_sketch": {
                "bins": [
                    200000992.0,
                    19712501760.0,
                    39224999936.0,
                    58737500160.0,
                    78250000384.0,
                    97762500608.0,
                    117275000832.0,
                    136787501056.0,
                    156300001280.0,
                    175812493312.0,
                    195325001728.0
                ],
                "counts": [
                    471351567,
                    138403,
                    26485,
                    7075,
                    2402,
                    1141,
                    358,
                    116,
                    52,
                    42
                ]
            }
        },
        "per_class": {
            "1": {
                "name": "木框",
                "count": 18738907,
                "basic_stats": {
                    "min": 200080992.0,
                    "max": 195325001728.0,
                    "mean": 1565538944.0,
                    "std": 3172657152.0,
                    "median": 939374976.0
                },
                "percentiles": {
                    "p1": 418356992.0,
                    "p5": 487310016.0,
                    "p25": 671489024.0,
                    "p50": 939374976.0,
                    "p75": 1432550016.0,
                    "p95": 3980708070.39997,
                    "p99": 12520099840.0,
                    "p99.9": 44356698112.0
                },
                "log_stats_suggestion": {
                    "log_mean": 9.031232833862305,
                    "log_std": 0.2961040139198303
                },
                "distribution_sketch": {
                    "bins": [
                        200080992.0,
                        19712573440.0,
                        39225065472.0,
                        58737557504.0,
                        78250049536.0,
                        97762541568.0,
                        117275033600.0,
                        136787525632.0,
                        156300017664.0,
                        175812509696.0,
                        195325001728.0
                    ],
                    "counts": [
                        18642393,
                        70468,
                        18139,
                        4872,
                        1721,
                        857,
                        274,
                        95,
                        46,
                        42
                    ]
                }
            },
            "2": {
                "name": "蛙人",
                "count": 4657769,
                "basic_stats": {
                    "min": 400001984.0,
                    "max": 160573997056.0,
                    "mean": 3532370944.0,
                    "std": 5051687424.0,
                    "median": 1801260032.0
                },
                "percentiles": {
                    "p1": 416555682.56,
                    "p5": 491724992.0,
                    "p25": 869540992.0,
                    "p50": 1801260032.0,
                    "p75": 4231770112.0,
                    "p95": 11869400064.0,
                    "p99": 23906699264.0,
                    "p99.9": 52332600426.49701
                },
                "log_stats_suggestion": {
                    "log_mean": 9.304437637329102,
                    "log_std": 0.43922215700149536
                },
                "distribution_sketch": {
                    "bins": [
                        400001984.0,
                        16417401856.0,
                        32434800640.0,
                        48452202496.0,
                        64469602304.0,
                        80486998016.0,
                        96504397824.0,
                        112521797632.0,
                        128539197440.0,
                        144556589056.0,
                        160573997056.0
                    ],
                    "counts": [
                        4541180,
                        96843,
                        13899,
                        3485,
                        1390,
                        546,
                        271,
                        106,
                        40,
                        9
                    ]
                }
            }
        }
    },
    "normalization_suggestions": [
        "数据整体范围为 [200080992.00, 195325001728.00]。",
        "检测到极值 outlier。最大值 (195325001728) 远大于 99.9% 分位点 (46261755187)。",
        "【建议策略 1】: 在归一化前，先将 Intensity 截断(Clip)到 46261755187.2 或 16749700096.0，以消除离群点影响。",
        "检测到 Intensity 数值量级巨大 (>10000)。",
        "【建议策略 2】: 采用最大值归一化。公式: input = min(intensity, 46261755187.2) / 46261755187.2。",
        "【注意】: 请查看 'per_class' 统计。如果 '蛙人' 和 '木框' 的 Intensity 均值差异巨大，Intensity 将是极佳的分类特征。"
    ]
}